SKU,NAME,ISDEFAULT,HASH,URL
19007,19007_1.jpg,1,f2e070e9b90db77abfde12d6ea99b4eb96b9fd3c,https://s3.amazonaws.com/hydrofarm_pubimages/19007_1.jpg
19007,19007_2.jpg,0,3753b9bd00e6ba58d477af0138f6ee50be88cf8c,https://s3.amazonaws.com/hydrofarm_pubimages/19007_2.jpg
AAC100,AAC100_1.jpg,1,a656ed3edb7cc29a9989b64ec4abfc57b4fbdf13,https://s3.amazonaws.com/hydrofarm_pubimages/AAC100_1.jpg
AAC50,AAC50_1.jpg,1,9e7acc636e5b9113abfc422c9ea3db97b44f7760,https://s3.amazonaws.com/hydrofarm_pubimages/AAC50_1.jpg
AAC75,AAC75_1.jpg,1,ed052289ecb83c1061bf5a830bfa6e407a2738f3,https://s3.amazonaws.com/hydrofarm_pubimages/AAC75_1.jpg
AACH100,AACH100_1.jpg,1,9251a86a94a58b23aeb1022d61d0fa0e192b139b,https://s3.amazonaws.com/hydrofarm_pubimages/AACH100_1.jpg
AACH100HP,AACH100HP_1.jpg,1,9235f66d5cc75b26a4abb9183e5084982611a772,https://s3.amazonaws.com/hydrofarm_pubimages/AACH100HP_1.jpg
AACH100HP,AACH100HP_2.jpg,0,9a951e5b800a3afe82484fb76e9db292f52369b5,https://s3.amazonaws.com/hydrofarm_pubimages/AACH100HP_2.jpg
AACH100HP,AACH100HP_3.jpg,0,2e41e5a6a230b03adcc4cffdff9defce952fc35a,https://s3.amazonaws.com/hydrofarm_pubimages/AACH100HP_3.jpg
AACH10HP,AACH10HP_1.jpg,1,91494c5fdf8fd5e3a5604d1adf5dec106aee21b4,https://s3.amazonaws.com/hydrofarm_pubimages/AACH10HP_1.jpg
AACH10HP,AACH10HP_2.jpg,0,6d6a2e17ea777e3b02db8be9ad90fcc238b14a16,https://s3.amazonaws.com/hydrofarm_pubimages/AACH10HP_2.jpg
AACH10HP,AACH10HP_3.jpg,0,2411d000d42217d9555a1dff852c9e19e4ee99a2,https://s3.amazonaws.com/hydrofarm_pubimages/AACH10HP_3.jpg
AACH25HP,AACH25HP_1.jpg,1,733484b20dc72023495037ccdfa5dae333ede92b,https://s3.amazonaws.com/hydrofarm_pubimages/AACH25HP_1.jpg
AACH25HP,AACH25HP_2.jpg,0,5005c7a8007653ef83f63f48953a8d16241fdf96,https://s3.amazonaws.com/hydrofarm_pubimages/AACH25HP_2.jpg
AACH25HP,AACH25HP_3.jpg,0,af81b76ce4ed53270c6538a1106bbe04c2014730,https://s3.amazonaws.com/hydrofarm_pubimages/AACH25HP_3.jpg
AACH50HP,AACH50HP_1.jpg,1,21d2a2af241846cc9a3d4ba48ae48cfda7fee8b3,https://s3.amazonaws.com/hydrofarm_pubimages/AACH50HP_1.jpg
AACH50HP,AACH50HP_2.jpg,0,9adfdd4601c4cd808158eda4e1e28417b8c5444b,https://s3.amazonaws.com/hydrofarm_pubimages/AACH50HP_2.jpg
AACH50HP,AACH50HP_3.jpg,0,1a8f594d4706e7eb01b6b5cfb48c345dd5ed1e0a,https://s3.amazonaws.com/hydrofarm_pubimages/AACH50HP_3.jpg
AACHF1,AACHF1_1.jpg,1,471e76d265b8947f775a0fe9b8abf4d0e769e001,https://s3.amazonaws.com/hydrofarm_pubimages/AACHF1_1.jpg
AACHF2,AACHF2_1.jpg,1,471e76d265b8947f775a0fe9b8abf4d0e769e001,https://s3.amazonaws.com/hydrofarm_pubimages/AACHF2_1.jpg
AACHF3,AACHF3_1.jpg,1,471e76d265b8947f775a0fe9b8abf4d0e769e001,https://s3.amazonaws.com/hydrofarm_pubimages/AACHF3_1.jpg
AACHF4,AACHF4_1.jpg,1,b2f36448fafbb12d18ad3b1c69057332b037688f,https://s3.amazonaws.com/hydrofarm_pubimages/AACHF4_1.jpg
AACHF5,AACHF5_1.jpg,1,471e76d265b8947f775a0fe9b8abf4d0e769e001,https://s3.amazonaws.com/hydrofarm_pubimages/AACHF5_1.jpg
AACHF6,AACHF6_1.jpg,1,471e76d265b8947f775a0fe9b8abf4d0e769e001,https://s3.amazonaws.com/hydrofarm_pubimages/AACHF6_1.jpg
AADAP25L,AADAP25L_1.jpg,1,be9a0e70bbce4790537baec21f120efeb76ca69b,https://s3.amazonaws.com/hydrofarm_pubimages/AADAP25L_1.jpg
AADAP25L,AADAP25L_2.jpg,0,5aec129d05c1e81a02e7ced41d179a85e05b31ce,https://s3.amazonaws.com/hydrofarm_pubimages/AADAP25L_2.jpg
AADAP25L,AADAP25L_3.jpg,0,17bb3536acc0806f6483f5e2324803c724ca33fe,https://s3.amazonaws.com/hydrofarm_pubimages/AADAP25L_3.jpg
AADARD,AADARD_1.jpg,1,b8e4b3131c05c4ca24be46de0a294825813b2cc6,https://s3.amazonaws.com/hydrofarm_pubimages/AADARD_1.jpg
AADARD,AADARD_2.jpg,0,bc4440b8b56709523d6736fef0230c92340c4411,https://s3.amazonaws.com/hydrofarm_pubimages/AADARD_2.jpg
AADHC1002P,AADHC1002P_1.jpg,1,00f1ed23e01f63e8119da9d46752a86c2ebe71da,https://s3.amazonaws.com/hydrofarm_pubimages/AADHC1002P_1.jpg
AADHC1002P,AADHC1002P_2.jpg,0,ad0b191fe0afe58699925b366eedb256a0b10b90,https://s3.amazonaws.com/hydrofarm_pubimages/AADHC1002P_2.jpg
AADHC1002P,AADHC1002P_3.jpg,0,06d39180ee422c918ae6b48b66c397ea39748a38,https://s3.amazonaws.com/hydrofarm_pubimages/AADHC1002P_3.jpg
AADHC1002P,AADHC1002P_4.jpg,0,960009ea06b6b719dcdeab6db5266c30ad77ccaf,https://s3.amazonaws.com/hydrofarm_pubimages/AADHC1002P_4.jpg
AADHC100P,AADHC100P_1.jpg,1,073b0b0771f3b9c06697a11b53d1211ea4774b2a,https://s3.amazonaws.com/hydrofarm_pubimages/AADHC100P_1.jpg
AADHC1802P,AADHC1802P_1.jpg,1,85d23e95398523475825138ff1c021fe9faf7457,https://s3.amazonaws.com/hydrofarm_pubimages/AADHC1802P_1.jpg
AADHC1802P,AADHC1802P_2.jpg,0,9663f1aec296283cfefa09d3f512a79afce3e741,https://s3.amazonaws.com/hydrofarm_pubimages/AADHC1802P_2.jpg
AADHC1802P,AADHC1802P_3.jpg,0,b67fd24e5f05e2e04affd0cb642d230e13572793,https://s3.amazonaws.com/hydrofarm_pubimages/AADHC1802P_3.jpg
AADHC1802P,AADHC1802P_4.jpg,0,58962209c74321196eddc5173acbaa7863a770de,https://s3.amazonaws.com/hydrofarm_pubimages/AADHC1802P_4.jpg
AADHC1802P,AADHC1802P_5.jpg,0,de44615a2d08334ade71ccac212d4ed63ff3bb72,https://s3.amazonaws.com/hydrofarm_pubimages/AADHC1802P_5.jpg
AADHC1802P,AADHC1802P_6.jpg,0,7968b7289a2e2ce66d1146bb238a2976cc629e48,https://s3.amazonaws.com/hydrofarm_pubimages/AADHC1802P_6.jpg
AADHC60P,AADHC60P_1.jpg,1,073b0b0771f3b9c06697a11b53d1211ea4774b2a,https://s3.amazonaws.com/hydrofarm_pubimages/AADHC60P_1.jpg
AAEFBK2,AAEFBK2_1.jpg,1,343763f6b7877ad186f673100d53da45acc03b68,https://s3.amazonaws.com/hydrofarm_pubimages/AAEFBK2_1.jpg
AAEFBK3,AAEFBK3_1.jpg,1,9d67e6f56944fc3193bb0109dab2612b801307c2,https://s3.amazonaws.com/hydrofarm_pubimages/AAEFBK3_1.jpg
AAEFBK4,AAEFBK4_1.jpg,1,bad69746934a7fc4c11f10b174ec8abebce64eb9,https://s3.amazonaws.com/hydrofarm_pubimages/AAEFBK4_1.jpg
AAEFEX1,AAEFEX1_1.jpg,1,f93522ccb4741c8d1ba57e8322061c240860a78b,https://s3.amazonaws.com/hydrofarm_pubimages/AAEFEX1_1.jpg
AAEFSC1,AAEFSC1_1.jpg,1,854573ec13aad78fb79a53bca7e9c041e6353d7b,https://s3.amazonaws.com/hydrofarm_pubimages/AAEFSC1_1.jpg
AAEFWA1,AAEFWA1_1.jpg,1,e6cd97035794ed78fa7bd71d98c92b15106010a1,https://s3.amazonaws.com/hydrofarm_pubimages/AAEFWA1_1.jpg
AAEL100,AAEL100_1.jpg,1,a947f22ebd886597375ee8015df71c7aea3847f9,https://s3.amazonaws.com/hydrofarm_pubimages/AAEL100_1.jpg
AAEL50,AAEL50_1.jpg,1,46916aa3b3ecf4b0485ac3ed77cb252f15eefbad,https://s3.amazonaws.com/hydrofarm_pubimages/AAEL50_1.jpg
AAEL75,AAEL75_1.jpg,1,a947f22ebd886597375ee8015df71c7aea3847f9,https://s3.amazonaws.com/hydrofarm_pubimages/AAEL75_1.jpg
AAHC200P,AAHC200P_1.jpg,1,edc0e732049e12e2767c5722e75897f473283c6d,https://s3.amazonaws.com/hydrofarm_pubimages/AAHC200P_1.jpg
AAHC200P,AAHC200P_2.jpg,0,9ba6f39b1f2330db84010de37ab55a8ab2e1112c,https://s3.amazonaws.com/hydrofarm_pubimages/AAHC200P_2.jpg
AAHC75P,AAHC75P_1.jpg,1,559a5a2ba721c30fd0c3eeaccd26de003fc4dd58,https://s3.amazonaws.com/hydrofarm_pubimages/AAHC75P_1.jpg
AAHC75P,AAHC75P_2.jpg,0,9b675ce033dd4887b05cf912a2ac7066d472178b,https://s3.amazonaws.com/hydrofarm_pubimages/AAHC75P_2.jpg
AAHR24W,AAHR24W_1.jpg,1,c92ad47ae27c767de9374ada52df8f7ef22cec59,https://s3.amazonaws.com/hydrofarm_pubimages/AAHR24W_1.jpg
AAHR24W,AAHR24W_2.jpg,0,be0c7e44183253fee69980a8675a325fd45964be,https://s3.amazonaws.com/hydrofarm_pubimages/AAHR24W_2.jpg
AAHR24W,AAHR24W_3.jpg,0,87483134656dc5eceb5c62ad7bea1127c5e6d6b6,https://s3.amazonaws.com/hydrofarm_pubimages/AAHR24W_3.jpg
AAHR24W,AAHR24W_4.jpg,0,f21b9a88935336680d263a6d92a1de0f3cbbeae1,https://s3.amazonaws.com/hydrofarm_pubimages/AAHR24W_4.jpg
AAHR24W,AAHR24W_5.jpg,0,8719a9a90f65d7c1b74ba6a4f9a3d8268120adbe,https://s3.amazonaws.com/hydrofarm_pubimages/AAHR24W_5.jpg
AAHR33W,AAHR33W_1.jpg,1,680f93934786042423c62b7f326d5480b2094eb7,https://s3.amazonaws.com/hydrofarm_pubimages/AAHR33W_1.jpg
AAHR33W,AAHR33W_2.jpg,0,e2a8eb8cbee26341b3f76e7d8aa758d912219e83,https://s3.amazonaws.com/hydrofarm_pubimages/AAHR33W_2.jpg
AAHR33W,AAHR33W_3.jpg,0,b4d27332671d33975916fb4a8c90d748f9985a48,https://s3.amazonaws.com/hydrofarm_pubimages/AAHR33W_3.jpg
AAHR33W,AAHR33W_4.jpg,0,86827ebedd21167e101d5cf081dd0ba020c17140,https://s3.amazonaws.com/hydrofarm_pubimages/AAHR33W_4.jpg
AAHR36W,AAHR36W_1.jpg,1,16a2477ad6a03a5e66c1bac343b6328d2df545b9,https://s3.amazonaws.com/hydrofarm_pubimages/AAHR36W_1.jpg
AAHR36W,AAHR36W_2.jpg,0,e5e8a5b540af92e806c5e0484033d49a815cb4c2,https://s3.amazonaws.com/hydrofarm_pubimages/AAHR36W_2.jpg
AAHR36W,AAHR36W_3.jpg,0,23c7cf98dc4dad1adb81c8d3c36bfda978ad8d40,https://s3.amazonaws.com/hydrofarm_pubimages/AAHR36W_3.jpg
AAHR36W,AAHR36W_4.jpg,0,529bbe53c4c1edbcf19705b3224be9f0fa2edfe8,https://s3.amazonaws.com/hydrofarm_pubimages/AAHR36W_4.jpg
AAHR36W,AAHR36W_5.jpg,0,b8d403d13e7840426c551bdc5efc369b9d32773f,https://s3.amazonaws.com/hydrofarm_pubimages/AAHR36W_5.jpg
AAHR44W,AAHR44W_1.jpg,1,6a5725b603b912aa3f20bf92a61cb1b5686555fa,https://s3.amazonaws.com/hydrofarm_pubimages/AAHR44W_1.jpg
AAHR44W,AAHR44W_2.jpg,0,4cb05b248f9fa2fd41aa3e5dcac63c9f1a047fde,https://s3.amazonaws.com/hydrofarm_pubimages/AAHR44W_2.jpg
AAHR44W,AAHR44W_3.jpg,0,27708dbb554d7529968fbd7d7d028a2b330c0564,https://s3.amazonaws.com/hydrofarm_pubimages/AAHR44W_3.jpg
AAHR46W,AAHR46W_1.jpg,1,35676193f3c97eefe388f05c76f473e1f9cdc007,https://s3.amazonaws.com/hydrofarm_pubimages/AAHR46W_1.jpg
AAHR46W,AAHR46W_2.jpg,0,b93e491a5686c0dbae4317802ffe8ef2c97f342f,https://s3.amazonaws.com/hydrofarm_pubimages/AAHR46W_2.jpg
AAHR46W,AAHR46W_3.jpg,0,86827ebedd21167e101d5cf081dd0ba020c17140,https://s3.amazonaws.com/hydrofarm_pubimages/AAHR46W_3.jpg
AAHR84W,AAHR84W_1.jpg,1,f57800906ae7c4a6648d8bc8394038787cf9a1e4,https://s3.amazonaws.com/hydrofarm_pubimages/AAHR84W_1.jpg
AAHR84W,AAHR84W_2.jpg,0,d047f873b8707b58f59c38e0773d970e79b469e5,https://s3.amazonaws.com/hydrofarm_pubimages/AAHR84W_2.jpg
AAIN44C,AAIN44C_1.jpg,1,3c9e01eed4b9a24c1f0ba5233f27f18f73f048ad,https://s3.amazonaws.com/hydrofarm_pubimages/AAIN44C_1.jpg
AAIN44C,AAIN44C_2.jpg,0,417f8358104d155acab8715d365e98ec5a40e2bd,https://s3.amazonaws.com/hydrofarm_pubimages/AAIN44C_2.jpg
AAIN44C,AAIN44C_3.jpg,0,c63e8e3222df9c739e5709f75d63dd8cf65d2cb9,https://s3.amazonaws.com/hydrofarm_pubimages/AAIN44C_3.jpg
AAIN44C,AAIN44C_4.jpg,0,543ace48bfee8372afe9f3ae825c2f50eb4778df,https://s3.amazonaws.com/hydrofarm_pubimages/AAIN44C_4.jpg
AAIN44C,AAIN44C_5.jpg,0,9c8c180ca1953d7ed65c32cfd32881695b67041f,https://s3.amazonaws.com/hydrofarm_pubimages/AAIN44C_5.jpg
AAIN44C,AAIN44C_6.jpg,0,d9fd2914d478f4aaaad1d6929f27c7bb7b65248f,https://s3.amazonaws.com/hydrofarm_pubimages/AAIN44C_6.jpg
AAIN44M,AAIN44M_1.jpg,1,fc08761a2e4fbac64ab31ff5c104fc624ce1f336,https://s3.amazonaws.com/hydrofarm_pubimages/AAIN44M_1.jpg
AAIN44M,AAIN44M_2.jpg,0,417f8358104d155acab8715d365e98ec5a40e2bd,https://s3.amazonaws.com/hydrofarm_pubimages/AAIN44M_2.jpg
AAIN44M,AAIN44M_3.jpg,0,c63e8e3222df9c739e5709f75d63dd8cf65d2cb9,https://s3.amazonaws.com/hydrofarm_pubimages/AAIN44M_3.jpg
AAIN44M,AAIN44M_4.jpg,0,543ace48bfee8372afe9f3ae825c2f50eb4778df,https://s3.amazonaws.com/hydrofarm_pubimages/AAIN44M_4.jpg
AAIN44M,AAIN44M_5.jpg,0,9c8c180ca1953d7ed65c32cfd32881695b67041f,https://s3.amazonaws.com/hydrofarm_pubimages/AAIN44M_5.jpg
AAIN44M,AAIN44M_6.jpg,0,e571897317ef5f1916356f5cd536684e044557d7,https://s3.amazonaws.com/hydrofarm_pubimages/AAIN44M_6.jpg
AAIN44P,AAIN44P_1.jpg,1,754d72de0f9c84f223a9f50bce44f4ade44965c7,https://s3.amazonaws.com/hydrofarm_pubimages/AAIN44P_1.jpg
AAIN44P,AAIN44P_2.jpg,0,417f8358104d155acab8715d365e98ec5a40e2bd,https://s3.amazonaws.com/hydrofarm_pubimages/AAIN44P_2.jpg
AAIN44P,AAIN44P_3.jpg,0,c63e8e3222df9c739e5709f75d63dd8cf65d2cb9,https://s3.amazonaws.com/hydrofarm_pubimages/AAIN44P_3.jpg
AAIN44P,AAIN44P_4.jpg,0,543ace48bfee8372afe9f3ae825c2f50eb4778df,https://s3.amazonaws.com/hydrofarm_pubimages/AAIN44P_4.jpg
AAIN44P,AAIN44P_5.jpg,0,9c8c180ca1953d7ed65c32cfd32881695b67041f,https://s3.amazonaws.com/hydrofarm_pubimages/AAIN44P_5.jpg
AAIN44P,AAIN44P_6.jpg,0,dc4aee2f4a8ff0ce21845066626996b2d818c7e0,https://s3.amazonaws.com/hydrofarm_pubimages/AAIN44P_6.jpg
AAIN44P,AAIN44P_7.jpg,0,1bbde5d7b6199718d8d1fc833906d3b92525d3fa,https://s3.amazonaws.com/hydrofarm_pubimages/AAIN44P_7.jpg
AAIN65C,AAIN65C_1.jpg,1,a76690b230231343e19ff296485a83c309b881df,https://s3.amazonaws.com/hydrofarm_pubimages/AAIN65C_1.jpg
AAIN65C,AAIN65C_2.jpg,0,cb04e1a7eff468eeecee8654b306368f91eba483,https://s3.amazonaws.com/hydrofarm_pubimages/AAIN65C_2.jpg
AAIN65D,AAIN65D_1.jpg,1,02d13e2c4593020086c4af9418b5b6a6578b48c9,https://s3.amazonaws.com/hydrofarm_pubimages/AAIN65D_1.jpg
AAIN65D,AAIN65D_2.jpg,0,044b267002d4e6f8ef682f4179d439067ffd2d79,https://s3.amazonaws.com/hydrofarm_pubimages/AAIN65D_2.jpg
